model,ACC,SEN,SPE,NPV,PPV
np-h_p32_neg,96.64200000000001,94.988,94.666,94.734,95.36800000000001
np-d_p32_neg,94.742,92.97999999999999,92.14200000000001,91.976,93.78200000000001
nhd_p32_neg,87.558,82.70200000000001,82.53399999999999,83.062,82.26199999999999
