model,Accr,Sens,Spec,NPV,PPV
no_sample_mixed,90.17,70.02799999999999,98.244,90.39000000000001,75.288
no_sample_equal,95.288,90.094,97.372,96.08599999999998,93.24600000000001
undersample,94.924,91.112,96.45,96.43799999999999,91.16400000000002
oversample,94.64,89.38999999999999,96.74600000000001,95.78800000000001,91.728
